{
	"id": 111,
	"type": 500,
	"name": "防护舱抢劫",
	"level": 0,
	"params": {
		"duration": 0,
		"sensitivity": 0,
		"rois": [
			[
				{
					"x": 0.13920454545454545,
					"y": 0.0954861111111111
				},
				{
					"x": 0.921875,
					"y": 0.9131944444444444
				}
			]
		]
	},
	"calendar": {
		"periods": []
	},
	"device_id": 11,
	"enabled": true
}